-- MySQL dump 10.16  Distrib 10.1.16-MariaDB, for Win32 (AMD64)
--
-- Host: localhost    Database: quiz
-- ------------------------------------------------------
-- Server version	10.1.16-MariaDB

/*!40101 SET @OLD_CHARACTER_SET_CLIENT=@@CHARACTER_SET_CLIENT */;
/*!40101 SET @OLD_CHARACTER_SET_RESULTS=@@CHARACTER_SET_RESULTS */;
/*!40101 SET @OLD_COLLATION_CONNECTION=@@COLLATION_CONNECTION */;
/*!40101 SET NAMES utf8 */;
/*!40103 SET @OLD_TIME_ZONE=@@TIME_ZONE */;
/*!40103 SET TIME_ZONE='+00:00' */;
/*!40014 SET @OLD_UNIQUE_CHECKS=@@UNIQUE_CHECKS, UNIQUE_CHECKS=0 */;
/*!40014 SET @OLD_FOREIGN_KEY_CHECKS=@@FOREIGN_KEY_CHECKS, FOREIGN_KEY_CHECKS=0 */;
/*!40101 SET @OLD_SQL_MODE=@@SQL_MODE, SQL_MODE='NO_AUTO_VALUE_ON_ZERO' */;
/*!40111 SET @OLD_SQL_NOTES=@@SQL_NOTES, SQL_NOTES=0 */;

--
-- Table structure for table `acciones`
--

DROP TABLE IF EXISTS `acciones`;
/*!40101 SET @saved_cs_client     = @@character_set_client */;
/*!40101 SET character_set_client = utf8 */;
CREATE TABLE `acciones` (
  `identificadorAccion` int(11) NOT NULL AUTO_INCREMENT,
  `identificadorConexion` int(11) DEFAULT NULL,
  `correoUsuario` varchar(50) DEFAULT NULL,
  `tipoAccion` varchar(50) DEFAULT NULL,
  `hora` datetime DEFAULT NULL,
  `ip` varchar(30) DEFAULT NULL,
  PRIMARY KEY (`identificadorAccion`)
) ENGINE=InnoDB AUTO_INCREMENT=31 DEFAULT CHARSET=latin1;
/*!40101 SET character_set_client = @saved_cs_client */;

--
-- Dumping data for table `acciones`
--

LOCK TABLES `acciones` WRITE;
/*!40000 ALTER TABLE `acciones` DISABLE KEYS */;
INSERT INTO `acciones` VALUES (1,1,'ima000@ikasle.ehu.es','InsertarPregunta','2016-10-19 20:26:03','::1'),(2,NULL,NULL,'VisualizarPreguntas','2016-10-19 20:26:42','::1'),(3,3,'ima000@ikasle.ehu.es','InsertarPregunta','2016-10-22 21:02:17','::1'),(4,NULL,NULL,'VisualizarPreguntas','2016-10-22 21:02:24','::1'),(5,7,'ima000@ikasle.ehu.es','InsertarPregunta','2016-10-22 22:04:05','::1'),(6,7,'ima000@ikasle.ehu.es','InsertarPregunta','2016-10-22 22:06:13','::1'),(7,7,'ima000@ikasle.ehu.es','InsertarPregunta','2016-10-22 22:06:24','::1'),(8,8,'ima000@ikasle.ehu.es','InsertarPregunta','2016-10-22 22:38:12','::1'),(9,NULL,NULL,'VisualizarPreguntas','2016-10-30 02:42:04','::1'),(10,10,'ima000@ikasle.ehu.es','InsertarPregunta','2016-10-30 02:12:48','::1'),(11,13,'ima000@ikasle.ehu.es','InsertarPregunta','2016-10-30 17:49:01','::1'),(12,13,'ima000@ikasle.ehu.es','InsertarPregunta','2016-10-30 17:49:05','::1'),(13,13,'ima000@ikasle.ehu.es','InsertarPregunta','2016-10-30 17:49:10','::1'),(14,13,'ima000@ikasle.ehu.es','InsertarPregunta','2016-10-30 17:49:11','::1'),(15,13,'ima000@ikasle.ehu.es','InsertarPregunta','2016-10-30 17:49:13','::1'),(16,13,'ima000@ikasle.ehu.es','InsertarPregunta','2016-10-30 17:49:14','::1'),(17,13,'ima000@ikasle.ehu.es','InsertarPregunta','2016-10-30 18:10:51','::1'),(18,14,'ima000@ikasle.ehu.es','InsertarPregunta','2016-10-30 18:17:31','::1'),(19,15,'ima000@ikasle.ehu.es','InsertarPregunta','2016-10-30 18:32:24','::1'),(20,15,'ima000@ikasle.ehu.es','InsertarPregunta','2016-10-30 19:44:08','::1'),(21,15,'ima000@ikasle.ehu.es','InsertarPregunta','2016-10-30 19:44:17','::1'),(22,15,'ima000@ikasle.ehu.es','InsertarPregunta','2016-10-30 20:18:23','::1'),(23,15,'ima000@ikasle.ehu.es','InsertarPregunta','2016-10-30 20:20:22','::1'),(24,NULL,NULL,'VisualizarPreguntas','2016-11-09 18:46:08','::1'),(25,16,'ima000@ikasle.ehu.es','InsertarPregunta','2016-11-09 18:47:49','::1'),(26,NULL,NULL,'VisualizarPreguntas','2016-11-09 19:22:35','::1'),(27,17,'jgonzalez201@ikasle.ehu.eus','InsertarPregunta','2016-11-09 19:26:52','::1'),(28,NULL,NULL,'VisualizarPreguntas','2016-11-12 21:59:34','::1'),(29,28,'ima000@ikasle.ehu.es','InsertarPregunta','2016-11-12 22:04:11','::1'),(30,47,'igomez134@ikasle.ehu.eus','InsertarPregunta','2016-11-16 12:45:14','::1');
/*!40000 ALTER TABLE `acciones` ENABLE KEYS */;
UNLOCK TABLES;

--
-- Table structure for table `conexiones`
--

DROP TABLE IF EXISTS `conexiones`;
/*!40101 SET @saved_cs_client     = @@character_set_client */;
/*!40101 SET character_set_client = utf8 */;
CREATE TABLE `conexiones` (
  `conexion` int(11) NOT NULL AUTO_INCREMENT,
  `fecha_conexion` datetime DEFAULT NULL,
  `correo` varchar(50) DEFAULT NULL,
  PRIMARY KEY (`conexion`)
) ENGINE=InnoDB AUTO_INCREMENT=55 DEFAULT CHARSET=latin1;
/*!40101 SET character_set_client = @saved_cs_client */;

--
-- Dumping data for table `conexiones`
--

LOCK TABLES `conexiones` WRITE;
/*!40000 ALTER TABLE `conexiones` DISABLE KEYS */;
INSERT INTO `conexiones` VALUES (1,'2016-10-19 20:25:01','ima000@ikasle.ehu.es'),(2,'2016-10-22 21:01:09','ima000@ikasle.ehu.es'),(3,'2016-10-22 21:01:34','ima000@ikasle.ehu.es'),(4,'2016-10-22 21:49:02','ima000@ikasle.ehu.es'),(5,'2016-10-22 21:54:30','ima000@ikasle.ehu.es'),(6,'2016-10-22 22:03:04','ima000@ikasle.ehu.es'),(7,'2016-10-22 22:03:45','ima000@ikasle.ehu.es'),(8,'2016-10-22 22:37:41','ima000@ikasle.ehu.es'),(9,'2016-10-30 02:44:00','ima000@ikasle.ehu.es'),(10,'2016-10-30 02:51:14','ima000@ikasle.ehu.es'),(11,'2016-10-30 17:46:58','ima000@ikasle.ehu.es'),(12,'2016-10-30 17:48:11','ima000@ikasle.ehu.es'),(13,'2016-10-30 17:48:52','ima000@ikasle.ehu.es'),(14,'2016-10-30 18:15:24','ima000@ikasle.ehu.es'),(15,'2016-10-30 18:21:23','ima000@ikasle.ehu.es'),(16,'2016-11-09 18:47:00','ima000@ikasle.ehu.es'),(17,'2016-11-09 19:26:37','jgonzalez201@ikasle.ehu.eus'),(18,'2016-11-11 12:08:21','web000@ehu.es'),(19,'2016-11-11 12:09:22','web000@ehu.es'),(20,'2016-11-11 13:05:16','web000@ehu.es'),(21,'2016-11-11 20:42:34','web000@ehu.es'),(22,'2016-11-11 21:34:17','web000@ehu.es'),(23,'2016-11-11 22:18:22','web000@ehu.es'),(24,'2016-11-11 22:19:04','ima000@ikasle.ehu.es'),(25,'2016-11-11 22:19:16','ima000@ikasle.ehu.es'),(26,'2016-11-11 22:20:27','ima000@ikasle.ehu.es'),(27,'2016-11-12 21:50:08','web000@ehu.es'),(28,'2016-11-12 21:59:48','ima000@ikasle.ehu.es'),(29,'2016-11-12 22:05:22','web000@ehu.es'),(30,'2016-11-13 02:35:04','ima000@ikasle.ehu.es'),(31,'2016-11-13 03:20:09','ima000@ikasle.ehu.es'),(32,'2016-11-13 03:28:38','ima000@ikasle.ehu.es'),(33,'2016-11-13 03:29:16','ima000@ikasle.ehu.es'),(34,'2016-11-13 03:57:41','ima000@ikasle.ehu.es'),(35,'2016-11-13 04:04:46','ima000@ikasle.ehu.es'),(36,'2016-11-13 04:08:50','ima000@ikasle.ehu.es'),(37,'2016-11-13 04:11:14','ima000@ikasle.ehu.es'),(38,'2016-11-16 12:04:50','jgonzalez201@ikasle.ehu.eus'),(39,'2016-11-16 12:05:04','jgonzalez201@ikasle.ehu.eus'),(40,'2016-11-16 12:12:09','jgonzalez201@ikasle.ehu.eus'),(41,'2016-11-16 12:14:43','jgonzalez201@ikasle.ehu.eus'),(42,'2016-11-16 12:16:25','jgonzalez201@ikasle.ehu.eus'),(43,'2016-11-16 12:23:26','jgonzalez201@ikasle.ehu.eus'),(44,'2016-11-16 12:24:30','jgonzalez201@ikasle.ehu.eus'),(45,'2016-11-16 12:27:31','jgonzalez201@ikasle.ehu.eus'),(46,'2016-11-16 12:32:49','jgonzalez201@ikasle.ehu.eus'),(47,'2016-11-16 12:44:46','igomez134@ikasle.ehu.eus'),(48,'2016-11-16 13:01:27','web000@ehu.es'),(49,'2016-11-16 13:18:18','web000@ehu.es'),(50,'2016-11-16 13:19:05','jgonzalez201@ikasle.ehu.eus'),(51,'2016-11-16 13:21:00','igomez134@ikasle.ehu.eus'),(52,'2016-11-16 13:21:28','igomez134@ikasle.ehu.eus'),(53,'2016-11-16 13:21:46','igomez134@ikasle.ehu.eus'),(54,'2016-11-16 13:23:29','web000@ehu.es');
/*!40000 ALTER TABLE `conexiones` ENABLE KEYS */;
UNLOCK TABLES;

--
-- Table structure for table `pregunta`
--

DROP TABLE IF EXISTS `pregunta`;
/*!40101 SET @saved_cs_client     = @@character_set_client */;
/*!40101 SET character_set_client = utf8 */;
CREATE TABLE `pregunta` (
  `indice` int(11) NOT NULL AUTO_INCREMENT,
  `pregunta` varchar(140) NOT NULL,
  `respuesta` varchar(140) DEFAULT NULL,
  `dificultad` int(11) DEFAULT NULL,
  `email_autor` varchar(50) DEFAULT NULL,
  `tematica` varchar(20) DEFAULT NULL,
  PRIMARY KEY (`indice`)
) ENGINE=InnoDB AUTO_INCREMENT=31 DEFAULT CHARSET=latin1;
/*!40101 SET character_set_client = @saved_cs_client */;

--
-- Dumping data for table `pregunta`
--

LOCK TABLES `pregunta` WRITE;
/*!40000 ALTER TABLE `pregunta` DISABLE KEYS */;
INSERT INTO `pregunta` VALUES (1,'toma','que no lo quiero',3,'ima000@ikasle.ehu.es',NULL),(2,'funkalo','yeah',5,'jgonzalez001@ikasle.ehu.es',NULL),(3,'0','pum',3,'ima000@ikasle.ehu.es',NULL),(4,'donde se lia?','doka',2,'ima000@ikasle.ehu.es','fiesta'),(9,'martes de ...','bata',3,'ima000@ikasle.ehu.es','fiesta'),(10,'se lia?','si',2,'ima000@ikasle.ehu.es','fieston'),(11,'ei?','jeje',4,'ima000@ikasle.ehu.es',''),(12,'the big bang...','theory',2,'ima000@ikasle.ehu.es','series'),(26,'Monte o Playa?','aja',2,'ima000@ikasle.ehu.es','verano'),(27,'hola?','hola',1,'ima000@ikasle.ehu.es','saludar'),(28,'e','e',1,'jgonzalez201@ikasle.ehu.eus','e'),(29,'yeah?','aha',4,'ima000@ikasle.ehu.es','nigga'),(30,'funka?','siiiiiiii',3,'igomez134@ikasle.ehu.eus','claro');
/*!40000 ALTER TABLE `pregunta` ENABLE KEYS */;
UNLOCK TABLES;

--
-- Table structure for table `usuario`
--

DROP TABLE IF EXISTS `usuario`;
/*!40101 SET @saved_cs_client     = @@character_set_client */;
/*!40101 SET character_set_client = utf8 */;
CREATE TABLE `usuario` (
  `NOMBRE` varchar(20) DEFAULT NULL,
  `APELLIDO1` varchar(20) DEFAULT NULL,
  `APELLIDO2` varchar(20) DEFAULT NULL,
  `EMAIL` varchar(50) NOT NULL,
  `TELEFONO` varchar(9) DEFAULT NULL,
  `PASSWORD` varchar(100) DEFAULT NULL,
  `ESPECIALIDAD` varchar(50) DEFAULT NULL,
  `TECNOLOGIAS` varchar(200) DEFAULT NULL,
  `imagen` mediumblob,
  `bloqueado` varchar(2) DEFAULT 'NO',
  PRIMARY KEY (`EMAIL`)
) ENGINE=InnoDB DEFAULT CHARSET=latin1;
/*!40101 SET character_set_client = @saved_cs_client */;

--
-- Dumping data for table `usuario`
--

LOCK TABLES `usuario` WRITE;
/*!40000 ALTER TABLE `usuario` DISABLE KEYS */;
INSERT INTO `usuario` VALUES ('ima','gomez','martinez','igomez134@ikasle.ehu.eus','987654321','eec48484a54789bdea655d5a97462dd8afd27fe2','Ingenieria del Software','aaa		','\0JFIF\0\0\0\0\0\0\0\0	\Z( \Z%!1!\'*+...383-7(-.+\n\n\n\r\Z-%&/-----6----------/----/-/---/-----/-/-------------\0\0\"\0\0\0\0\0\0\0\0\0\0\0\0\0\0\0\0J\0	\0\0\0!1AQ\"aq2#Br$3Rb%4CSs&t5c\0\Z\0\0\0\0\0\0\0\0\0\0\0\0\0\01\0\0\0\0\0\0\0!12AQ\"3BaqR#\0\0\0?\0h\0(\0(\0(\0(\0(J;uk*X	,\\iVRڲ2ڍA>7<09M8;Ne8\0!$zÆ#o\06u\0GKQYGc1-ߺ-ڪ+,Hej+&+kuk\n(XQE4VIqW}k@$r|Ҷ7\nvh0(\'k&hWGRQE\0QE\0QE\0QE\0QE\0QE\0QE\0K6Sa+#Smdu1E></k>,|\04k\ZݞcEGt}=U95xQ6`z#XVoNJFu>\'W/2Em0md,ITuE,biQEX@W;zrini2\'55zSBd\0#IP={dx*Wh޶a\0 \0A\ZSZA=$\ZAӽsu@AP~>Ӥ\'O\\\0|tT}kO>C)]Xߠ޴qf]2S\Z+Ekl*\0/0^o	uӄ{\"k\0}X⼷ZklŅY$43>66f4I[mN/3t#翆,c@\0\"$>_O}\r{oG\rx{$HZ\rѝ\073&RX|>5V7l\Zt!B4I=4>)qQEaaECލ6o5}ܚ\"I1gH\r_(ԓľ5?{?9a鮝5r3\\7;yhLI_겆L$|M1m4+ETQE\0QE\0Wmd!J\ZEIPM\0r~\\nʰ:O8Y	\n40@H -½Z\0?Q\Z<o/>\0?woX[(`˘)c0yF*fRPRFGC^7rk 2OsGQpVVn)EUąaڙans~\n+3w ?Vo%Q¬L\"<j4*pA^qЀR$Mf弣;O&\0ͨV1::QH`V\\s˵,LٔQ|z\n(XDV]qi{[zd):VU\r\\ySuosQVLigf]rG0yTy8ؑbZж$WHa\0Q^[e:>ңH=z\'۶[	R1:cè<x֟L62NnO,(\ncqJkck{최]HWbOV3:J2b6ą=:7ƓcK\'Tc&զ,MmG(Ee9p??-A\ne{e\\TF\0$C,m	OR\0UЋ袊h(\0(\0&O4wB,t\0= Oƫ7]chE+:\0\"45o6\0|vݭ)Ԫ0\rp竵zc\\=Q7il+73`e,ʬC\Z9NV~}*m\Z\'dSelT^	j(&0c>%NW8sdڅĴ?vgE\'*lqV,D	\0Lx\" L͠@}ƳalDjB3mK?񮕭iAES.\n1yTǡo7	$	\'AǢϾ=u,O\rf\r9uGS}A)\n\nBJ\ra2[0kKI 5z\nY36Oɂ}eim\Z\0:qpR9<N٘uXt?(Kʭ\01$t:T)Q=oQxCSx\\xJ=_3cҬ&2\\ݛ(@l!뮰aGX?-2IQ,1#uoX\"a	fó3(:vƢL4i\Z:UUx+[5p-\"\0g9	fǙ<j\0Xv/z.\\)lfdIx\n߯2xB\\w)((8ie#)FoL=9/Ub&)@nm]qӳƧ\n}ɦeuGS\0<nvr횈IMi]\\ϲs\'*ߛoW\\Gӻ8B΄t>nՋ%lYWѮ[kX*/~CdN;\Z׭B r|I&vE0\'\"G9a\'>5-ߵ\\ts\\<GΒ=#;@\0O@ Zi:eH50|Hz=\'|d2VcǟdKXKvˆF9r5ȖV+.kIr}SRU&i4:Պr1\'ƞ\"ViŴ`4$yiIZ	T\r\\덪$t\0V#Z\Z8ԕÀkZf^\\zƑB|5n\ZuVOvZ_9(\0Iv9Ӈg5Cڷm}BG?6cTn1&̋g&㱹ukG_NuHM*0IƸo\'B)c\"@B\ZXcR) iIV8<w# a5gI${ƾ1LCL2o2HJTZs0QR{qz?޵ن?MlC\0Z7+/!I/Mt28\Zbb>EAEPZڶ¨+2ȸZ,DAO(mSݰ\0{aq®Ams q,:ԈaX$`{\"LMP.=lbĂ)Q2Hn^W\'*Q@EO\0xW/fBv)#WI52s8Ӻ}Ծe T#B*>jػ-YQގ<	v$x*I%_	mtRZU,fX{tB~ÇBZ82rrup\"Gt@o8{g77YJ܌gNvƪr\Zub\0֗|Vj\'YQrx@V<y68D[fŁ2cq$ϴ+ֺ{8#BN|t\nn<oVUt?ֿċ$u\rf>1(9iՔzOF8\nO,9f[gѲ|>E-+.P̣6]$sUe/R@D\n@2A }P/7\0.3p\0Ƥ#/偝	eT&\".╽]1}f8Wҳ=\'egY	Veaۑ9x_gßʱhŘah0\nOռBM5Hb\0F\n~U8{mv{FPZxcNOʮ<g\nͷ㯾,%H\Z9֕k?ʳ=ىO{\\Ջ\\n]$  {}?\0Ɣ&vq1bӂS.Zs2|X;|\0?IӾT|+5\" DN-\\#Q#\0<<)s2HdEq[ ~U24`?W81Nef\0ktFboFL2K;ei4>\0AO~l6_+zfݤmȍRC((Hl!TL\Zj;\Zy\\JuHG	:|I\rŏ>͠:NI#2:FRD	BR3:!\n~L.7&3#Bz)&\"gHlpJ\nDp[nZ˅\n8~KY6h\"䵳E\rf]da1vݷTkG\0[(aV޹m+dStΖ=[09NH0A\nf=r\0\0S;)ysZ#}J{[/dD2t2;T[b\0Sf*3a͝JR&Y\rW}z9\"ύ§w7N3\r՜z3\"SZnmm;vr%\0LJM\\߆DpgWU}ƯAA̔Uƚv\Zm{K9U-33NMao9Q2	&$8mgAQ0ēzJxfW&\"w13fRA\"oz<Qv%ⶭ#hTkeFdS`>ZBq\Zql[GѕBgӗ9+}JI=V5d-Y\0-~~??p\0Qwn#ݷKyw8h0NfaXA #A9-]YR<)$.U\r^ڸc1f@G+<^V0nyOEٷgf\0HdB	=S9CD|sGo8%.j\0$&vJck5=n8Y>ҫ8)p:+aH<\03bgȲI}s~U[Xt}\Z}Gc\n(3\r|G!ҳ,Ab	DJ|ʳlc22<\\~tc9CLNH*TIOFewcd]!u$G	*/\rbZ!V[CN9[tl]G*r\0\\r#J1{涶\\I~	j6HWm.TKD\0&iK642Y^iNב<58\0n#FC44琔v:&62Owt0ğVI6)/MIЁ\']5u\0^.y,\0M\0q*2Ygª[\0>w%{>?\n:YK=-ۻFPHl\\eom/ko: f(27A I#jNn]*8\nmK\\0r.tK+]t[YH\0+D:jtBNQδTfՏN_=ɝ:<G0GO\nqVھo]$ \0\'r\0[}|:]%\']{j\rg;	 )E\Z0\n]NSHD֡_Yx)#:>5Mͻ$sγì\"ٯO{eb\Z	O#_3<|*z@&j;-0aUP\'Y#M9Sv\0\r\0SRD^G	sZu^ZּbRJvAk\r/ݷZ\0Ea~BH˼TM~bg>G8$VC\Z9̊vA\Z|5B:Ea\riI`{XTF#\0GA򃯻ڰC\Z)H=Ic7?kQIsBLa6Թ\Z8R8\'Y/\'-4c|ʺ;>U{;o3]AZt}HNEVQEHU_`x1D:\0nDA\'ǅib#mex$.GBG\ZKIҏ:HvUZxba\'Y^ff$1\rv[Ҡe\Z\\H+!YyŅfAx!Xa/\0\Zk9;賈K)AqhƞnBv}qZfN`4 LXe6,R&۰9t\"2<:\Z]E{3ZV!P\01ӄlW-u.X,D<}jZ\"iu$p:rek[?7_oβ]ݎ\nXImh~n>Զ}c\0P1\0=a\' =#\ZO\0|\0۸2ܲn(:@_m}2\'ȪNyH$g[r2\0\n]l&PH@Q\08TՖDDCG} pO$V_)eRߜ?N\nᔋ&H4\'z=PoJ}J/ST:\n0zm1}>+_fe_59nGYVo._O\'	\"IGHu*<G\"\0@L\nF*ӕ [0:=s-[33#D,x}týۄhUUa*N\0Gj1bkܴ՞\\.Ve7c!$`8t<5[Of˔ۈ`L\"Ç:Q́4<wē2\rE2\\\0:\\}mfhRWC\rҴg;f6{rǶ{2Z1Y)u9י,B:$sTm2g_lͱe.vnHPX&6di*|u+G.=͐l0M+L\"L:\ryW0C3hxG֝8}2mn_^#m<TJ9\ZZ1`3AL_0`:|3GW|FŲ&\r&1>0eadˤS <\0\\HQF)e?:Z6=>輬ͫQ[LaEPwyG}d#5B\row,d%BCƣZo7r$	QTH\"3\Z]	+^xc-D\nHsU`b\'0&`\Z&޹n5р.WP4\ZpU#\r :/G6sy-nfn_K?XS2?䅹tñgKg/~@6skM}ŤSw8XLs}@\n@O\"[[\'yHЁ\0SNnț3\" \02s0`OeK0g[`hV%$\0@W=gQ\nO)\"=\"BNңI[M\'X}FZVBfH>ܤSH?H:[,ωծ	\Z>A9[!\' ϭ^8_<?،MlMƓm?ԷXFˁ}:NQL6yr2{Tz\'5vc,YV2iĶg_)ЍpXZ:VmHmi JcgZ]ۢ跤21!{@s\"1+$s&˵FE3=Vq5P`,}]5\'Hc{G`8Ox3\ZUX-/hKL<H)˪]NU}I+ N\"ꑒ\Z&4kx8  Q`!SFg1A xSKxӭ|HTrt&NQT?I;J9{{|i`-߶֮da|G\Z8\"e6q&weSa(X\',+k7:ot||N;tB?HgV|E5ݠm9efh`|fS>]q)|XyX˘3$0UψȨrW-A$OΙ6ղ{U딲Ä$G:_,]2scm\0p1MF-s<utΦֲ-!Rt:3Q7~INͱG|l,Jnj9_\n[fe* DZ, Hd֑]]$q&{`+I(\0K[UTN	kG1W)VS<dї6@4xZYfѡjc[%oƝa9 ˧ִZ*7IzEcbZl	vI\'j}W\\`f\'rǤooibCi7	ט:<\"uNnvh.\\Ma^ahƐ:]HGʪLY17(7Y%3i˕]~u}(_k4l2c5*+ο(o\nإ]K:\0K\n>o;lmŻlXh[\\@o.+\0Ϗ;KH<}XmpaYTLl;ᦕg`JB7#*	ɜbW-<ޱx|W2Iq\0b*0NJ^nnm<}s3V&-(DP2zZԑ( )/gڻKj	G)^3\\_Ǻjrɉ#lia>Ed3%VN,G?{^e}O?p(\n(\n(\n(\n(\n(\n(\n(\n(\n(\n(\n(\n(\n(\n(\n(\n(\n(\n(\n(?','NO'),('asier','gonzalez','martinez','jgonzalez201@ikasle.ehu.eus','123456789','be949382d8cac177e839107051bda29dbc8a11cc','Ingenieria del Software','aaa		','\0JFIF\0\0\0\0\0\0\0\0	\Z( \Z%!1!\'*+...383-7(-.+\n\n\n\r\Z-%&/-----6----------/----/-/---/-----/-/-------------\0\0\"\0\0\0\0\0\0\0\0\0\0\0\0\0\0\0\0J\0	\0\0\0!1AQ\"aq2#Br$3Rb%4CSs&t5c\0\Z\0\0\0\0\0\0\0\0\0\0\0\0\0\01\0\0\0\0\0\0\0!12AQ\"3BaqR#\0\0\0?\0h\0(\0(\0(\0(\0(J;uk*X	,\\iVRڲ2ڍA>7<09M8;Ne8\0!$zÆ#o\06u\0GKQYGc1-ߺ-ڪ+,Hej+&+kuk\n(XQE4VIqW}k@$r|Ҷ7\nvh0(\'k&hWGRQE\0QE\0QE\0QE\0QE\0QE\0QE\0K6Sa+#Smdu1E></k>,|\04k\ZݞcEGt}=U95xQ6`z#XVoNJFu>\'W/2Em0md,ITuE,biQEX@W;zrini2\'55zSBd\0#IP={dx*Wh޶a\0 \0A\ZSZA=$\ZAӽsu@AP~>Ӥ\'O\\\0|tT}kO>C)]Xߠ޴qf]2S\Z+Ekl*\0/0^o	uӄ{\"k\0}X⼷ZklŅY$43>66f4I[mN/3t#翆,c@\0\"$>_O}\r{oG\rx{$HZ\rѝ\073&RX|>5V7l\Zt!B4I=4>)qQEaaECލ6o5}ܚ\"I1gH\r_(ԓľ5?{?9a鮝5r3\\7;yhLI_겆L$|M1m4+ETQE\0QE\0Wmd!J\ZEIPM\0r~\\nʰ:O8Y	\n40@H -½Z\0?Q\Z<o/>\0?woX[(`˘)c0yF*fRPRFGC^7rk 2OsGQpVVn)EUąaڙans~\n+3w ?Vo%Q¬L\"<j4*pA^qЀR$Mf弣;O&\0ͨV1::QH`V\\s˵,LٔQ|z\n(XDV]qi{[zd):VU\r\\ySuosQVLigf]rG0yTy8ؑbZж$WHa\0Q^[e:>ңH=z\'۶[	R1:cè<x֟L62NnO,(\ncqJkck{최]HWbOV3:J2b6ą=:7ƓcK\'Tc&զ,MmG(Ee9p??-A\ne{e\\TF\0$C,m	OR\0UЋ袊h(\0(\0&O4wB,t\0= Oƫ7]chE+:\0\"45o6\0|vݭ)Ԫ0\rp竵zc\\=Q7il+73`e,ʬC\Z9NV~}*m\Z\'dSelT^	j(&0c>%NW8sdڅĴ?vgE\'*lqV,D	\0Lx\" L͠@}ƳalDjB3mK?񮕭iAES.\n1yTǡo7	$	\'AǢϾ=u,O\rf\r9uGS}A)\n\nBJ\ra2[0kKI 5z\nY36Oɂ}eim\Z\0:qpR9<N٘uXt?(Kʭ\01$t:T)Q=oQxCSx\\xJ=_3cҬ&2\\ݛ(@l!뮰aGX?-2IQ,1#uoX\"a	fó3(:vƢL4i\Z:UUx+[5p-\"\0g9	fǙ<j\0Xv/z.\\)lfdIx\n߯2xB\\w)((8ie#)FoL=9/Ub&)@nm]qӳƧ\n}ɦeuGS\0<nvr횈IMi]\\ϲs\'*ߛoW\\Gӻ8B΄t>nՋ%lYWѮ[kX*/~CdN;\Z׭B r|I&vE0\'\"G9a\'>5-ߵ\\ts\\<GΒ=#;@\0O@ Zi:eH50|Hz=\'|d2VcǟdKXKvˆF9r5ȖV+.kIr}SRU&i4:Պr1\'ƞ\"ViŴ`4$yiIZ	T\r\\덪$t\0V#Z\Z8ԕÀkZf^\\zƑB|5n\ZuVOvZ_9(\0Iv9Ӈg5Cڷm}BG?6cTn1&̋g&㱹ukG_NuHM*0IƸo\'B)c\"@B\ZXcR) iIV8<w# a5gI${ƾ1LCL2o2HJTZs0QR{qz?޵ن?MlC\0Z7+/!I/Mt28\Zbb>EAEPZڶ¨+2ȸZ,DAO(mSݰ\0{aq®Ams q,:ԈaX$`{\"LMP.=lbĂ)Q2Hn^W\'*Q@EO\0xW/fBv)#WI52s8Ӻ}Ծe T#B*>jػ-YQގ<	v$x*I%_	mtRZU,fX{tB~ÇBZ82rrup\"Gt@o8{g77YJ܌gNvƪr\Zub\0֗|Vj\'YQrx@V<y68D[fŁ2cq$ϴ+ֺ{8#BN|t\nn<oVUt?ֿċ$u\rf>1(9iՔzOF8\nO,9f[gѲ|>E-+.P̣6]$sUe/R@D\n@2A }P/7\0.3p\0Ƥ#/偝	eT&\".╽]1}f8Wҳ=\'egY	Veaۑ9x_gßʱhŘah0\nOռBM5Hb\0F\n~U8{mv{FPZxcNOʮ<g\nͷ㯾,%H\Z9֕k?ʳ=ىO{\\Ջ\\n]$  {}?\0Ɣ&vq1bӂS.Zs2|X;|\0?IӾT|+5\" DN-\\#Q#\0<<)s2HdEq[ ~U24`?W81Nef\0ktFboFL2K;ei4>\0AO~l6_+zfݤmȍRC((Hl!TL\Zj;\Zy\\JuHG	:|I\rŏ>͠:NI#2:FRD	BR3:!\n~L.7&3#Bz)&\"gHlpJ\nDp[nZ˅\n8~KY6h\"䵳E\rf]da1vݷTkG\0[(aV޹m+dStΖ=[09NH0A\nf=r\0\0S;)ysZ#}J{[/dD2t2;T[b\0Sf*3a͝JR&Y\rW}z9\"ύ§w7N3\r՜z3\"SZnmm;vr%\0LJM\\߆DpgWU}ƯAA̔Uƚv\Zm{K9U-33NMao9Q2	&$8mgAQ0ēzJxfW&\"w13fRA\"oz<Qv%ⶭ#hTkeFdS`>ZBq\Zql[GѕBgӗ9+}JI=V5d-Y\0-~~??p\0Qwn#ݷKyw8h0NfaXA #A9-]YR<)$.U\r^ڸc1f@G+<^V0nyOEٷgf\0HdB	=S9CD|sGo8%.j\0$&vJck5=n8Y>ҫ8)p:+aH<\03bgȲI}s~U[Xt}\Z}Gc\n(3\r|G!ҳ,Ab	DJ|ʳlc22<\\~tc9CLNH*TIOFewcd]!u$G	*/\rbZ!V[CN9[tl]G*r\0\\r#J1{涶\\I~	j6HWm.TKD\0&iK642Y^iNב<58\0n#FC44琔v:&62Owt0ğVI6)/MIЁ\']5u\0^.y,\0M\0q*2Ygª[\0>w%{>?\n:YK=-ۻFPHl\\eom/ko: f(27A I#jNn]*8\nmK\\0r.tK+]t[YH\0+D:jtBNQδTfՏN_=ɝ:<G0GO\nqVھo]$ \0\'r\0[}|:]%\']{j\rg;	 )E\Z0\n]NSHD֡_Yx)#:>5Mͻ$sγì\"ٯO{eb\Z	O#_3<|*z@&j;-0aUP\'Y#M9Sv\0\r\0SRD^G	sZu^ZּbRJvAk\r/ݷZ\0Ea~BH˼TM~bg>G8$VC\Z9̊vA\Z|5B:Ea\riI`{XTF#\0GA򃯻ڰC\Z)H=Ic7?kQIsBLa6Թ\Z8R8\'Y/\'-4c|ʺ;>U{;o3]AZt}HNEVQEHU_`x1D:\0nDA\'ǅib#mex$.GBG\ZKIҏ:HvUZxba\'Y^ff$1\rv[Ҡe\Z\\H+!YyŅfAx!Xa/\0\Zk9;賈K)AqhƞnBv}qZfN`4 LXe6,R&۰9t\"2<:\Z]E{3ZV!P\01ӄlW-u.X,D<}jZ\"iu$p:rek[?7_oβ]ݎ\nXImh~n>Զ}c\0P1\0=a\' =#\ZO\0|\0۸2ܲn(:@_m}2\'ȪNyH$g[r2\0\n]l&PH@Q\08TՖDDCG} pO$V_)eRߜ?N\nᔋ&H4\'z=PoJ}J/ST:\n0zm1}>+_fe_59nGYVo._O\'	\"IGHu*<G\"\0@L\nF*ӕ [0:=s-[33#D,x}týۄhUUa*N\0Gj1bkܴ՞\\.Ve7c!$`8t<5[Of˔ۈ`L\"Ç:Q́4<wē2\rE2\\\0:\\}mfhRWC\rҴg;f6{rǶ{2Z1Y)u9י,B:$sTm2g_lͱe.vnHPX&6di*|u+G.=͐l0M+L\"L:\ryW0C3hxG֝8}2mn_^#m<TJ9\ZZ1`3AL_0`:|3GW|FŲ&\r&1>0eadˤS <\0\\HQF)e?:Z6=>輬ͫQ[LaEPwyG}d#5B\row,d%BCƣZo7r$	QTH\"3\Z]	+^xc-D\nHsU`b\'0&`\Z&޹n5р.WP4\ZpU#\r :/G6sy-nfn_K?XS2?䅹tñgKg/~@6skM}ŤSw8XLs}@\n@O\"[[\'yHЁ\0SNnț3\" \02s0`OeK0g[`hV%$\0@W=gQ\nO)\"=\"BNңI[M\'X}FZVBfH>ܤSH?H:[,ωծ	\Z>A9[!\' ϭ^8_<?،MlMƓm?ԷXFˁ}:NQL6yr2{Tz\'5vc,YV2iĶg_)ЍpXZ:VmHmi JcgZ]ۢ跤21!{@s\"1+$s&˵FE3=Vq5P`,}]5\'Hc{G`8Ox3\ZUX-/hKL<H)˪]NU}I+ N\"ꑒ\Z&4kx8  Q`!SFg1A xSKxӭ|HTrt&NQT?I;J9{{|i`-߶֮da|G\Z8\"e6q&weSa(X\',+k7:ot||N;tB?HgV|E5ݠm9efh`|fS>]q)|XyX˘3$0UψȨrW-A$OΙ6ղ{U딲Ä$G:_,]2scm\0p1MF-s<utΦֲ-!Rt:3Q7~INͱG|l,Jnj9_\n[fe* DZ, Hd֑]]$q&{`+I(\0K[UTN	kG1W)VS<dї6@4xZYfѡjc[%oƝa9 ˧ִZ*7IzEcbZl	vI\'j}W\\`f\'rǤooibCi7	ט:<\"uNnvh.\\Ma^ahƐ:]HGʪLY17(7Y%3i˕]~u}(_k4l2c5*+ο(o\nإ]K:\0K\n>o;lmŻlXh[\\@o.+\0Ϗ;KH<}XmpaYTLl;ᦕg`JB7#*	ɜbW-<ޱx|W2Iq\0b*0NJ^nnm<}s3V&-(DP2zZԑ( )/gڻKj	G)^3\\_Ǻjrɉ#lia>Ed3%VN,G?{^e}O?p(\n(\n(\n(\n(\n(\n(\n(\n(\n(\n(\n(\n(\n(\n(\n(\n(\n(\n(\n(?','NO'),(NULL,NULL,NULL,'web000@ehu.es',NULL,'9dfab044e4cfcdea8048af43640b6d2f832707bc',NULL,NULL,NULL,'NO');
/*!40000 ALTER TABLE `usuario` ENABLE KEYS */;
UNLOCK TABLES;
/*!40103 SET TIME_ZONE=@OLD_TIME_ZONE */;

/*!40101 SET SQL_MODE=@OLD_SQL_MODE */;
/*!40014 SET FOREIGN_KEY_CHECKS=@OLD_FOREIGN_KEY_CHECKS */;
/*!40014 SET UNIQUE_CHECKS=@OLD_UNIQUE_CHECKS */;
/*!40101 SET CHARACTER_SET_CLIENT=@OLD_CHARACTER_SET_CLIENT */;
/*!40101 SET CHARACTER_SET_RESULTS=@OLD_CHARACTER_SET_RESULTS */;
/*!40101 SET COLLATION_CONNECTION=@OLD_COLLATION_CONNECTION */;
/*!40111 SET SQL_NOTES=@OLD_SQL_NOTES */;

-- Dump completed on 2016-11-16 13:25:32
